{
    "Plumas": 266375.1809999952,
    "Shasta": 331078.3999999983,
    "Siskiyou": 541412.2599999865,
    "Humboldt": 99685.3099999994,
    "Los Angeles": 409678.2199999797,
    "El Dorado": 111391.79000000072,
    "Alpine": 20327.00999999999,
    "Mono": 33090.04999999986,
    "Riverside": 189738.67000001308,
    "Fresno": 256662.08000000287,
    "Kern": 226358.34000000264,
    "Ventura": 244288.6800000001,
    "Monterey": 301333.72999999375,
    "Tuolumne": 292848.309999997,
    "Santa Barbara": 380539.82999999926,
    "San Luis Obispo": 28976.45999999972,
    "Tulare": 105365.81000000062,
    "San Bernardino": 303200.4600000051,
    "San Diego": 490133.00999997306,
    "Lake": 191493.0399999999,
    "Lassen": 381523.7999999942,
    "Tehama": 111102.23000000048,
    "Butte": 62672.69999999934,
    "Sierra": 13632.660000000067,
    "Placer": 71041.75999999967,
    "Modoc": 53546.48999999929,
    "Trinity": 589235.8499999939,
    "Inyo": 61590.05999999989,
    "Nevada": 10551.600000000159,
    "Del Norte": 57082.01999999991,
    "Yuba": 10013.020000000037,
    "Mendocino": 123406.90000000085,
    "Amador": 73167.55000000002,
    "Glenn": 27059.649999999914,
    "Mariposa": 79689.94000000031,
    "Calaveras": 7612.540000000066,
    "Orange": 74358.8699999997,
    "Madera": 41059.079999999834,
    "Colusa": 54249.68999999999,
    "Stanislaus": 48683.61999999992,
    "Imperial": 9995.950000000013,
    "Alameda": 16683.190000000064,
    "Kings": 3310.6000000000035,
    "Contra Costa": 9380.700000000039,
    "San Benito": 8128.680000000018,
    "Merced": 52450.83999999965,
    "Santa Clara": 56830.63,
    "Santa Cruz": 10117.350000000106,
    "San Mateo": 632.6000000000007,
    "Yolo": 7427.3100000000295,
    "Sonoma": 16372.470000000076,
    "Napa": 44672.79000000005,
    "Solano": 2818.0300000000066,
    "Douglas": 0.5,
    "San Francisco": 17.66,
    "Marin": 612.8510000000011,
    "Sutter": 531.7099999999999,
    "Sacramento": 9749.540000000063,
    "San Joaquin": 19410.329999999936
}