{
    "Plumas": 137073.1100000006,
    "Shasta": 61097.55999999996,
    "Siskiyou": 243450.420000001,
    "Humboldt": 26128.679999999542,
    "Los Angeles": 271856.4500000008,
    "El Dorado": 3435.949999999985,
    "Alpine": 421.1800000000001,
    "Mono": 2409.209999999995,
    "Riverside": 46805.78999999979,
    "Fresno": 11067.35000000001,
    "Kern": 62353.03999999979,
    "Ventura": 163364.2400000001,
    "Monterey": 256830.8800000001,
    "Tuolumne": 10723.41000000001,
    "Santa Barbara": 369784.49999999994,
    "San Luis Obispo": 1057.2099999999998,
    "Tulare": 41376.82999999987,
    "San Bernardino": 72454.8199999998,
    "San Diego": 277546.4099999985,
    "Lake": 9625.250000000004,
    "Lassen": 13126.970000000014,
    "Tehama": 47811.90000000001,
    "Butte": 1938.3099999999995,
    "Sierra": 12593.590000000024,
    "Placer": 29102.609999999913,
    "Modoc": 17260.17999999988,
    "Trinity": 310286.13999999897,
    "Inyo": 14537.550000000014,
    "Nevada": 3806.0899999999956,
    "Del Norte": 18111.45999999999,
    "Yuba": 70.81999999999996,
    "Mendocino": 16503.299999999985,
    "Amador": 57.67000000000001,
    "Glenn": 25365.049999999992,
    "Mariposa": 37421.789999999986,
    "Calaveras": 351.3000000000003,
    "Orange": 69448.96000000008,
    "Madera": 2171.8699999999976,
    "Colusa": 304,
    "Stanislaus": 1.1,
    "Imperial": 283.4000000000002,
    "Alameda": 2.3000000000000003,
    "Kings": 0.1,
    "Contra Costa": 4,
    "San Benito": 15.1,
    "Merced": 717,
    "Santa Clara": 0.2
}